league,season,team,position,probability
bundesliga,2025,Augsburg,1,0.0
bundesliga,2025,Augsburg,2,0.0
bundesliga,2025,Augsburg,3,0.0
bundesliga,2025,Augsburg,4,0.0
bundesliga,2025,Augsburg,5,0.0
bundesliga,2025,Augsburg,6,0.0
bundesliga,2025,Augsburg,7,0.0094
bundesliga,2025,Augsburg,8,0.0469
bundesliga,2025,Augsburg,9,0.2121
bundesliga,2025,Augsburg,10,0.374
bundesliga,2025,Augsburg,11,0.1809
bundesliga,2025,Augsburg,12,0.0921
bundesliga,2025,Augsburg,13,0.0538
bundesliga,2025,Augsburg,14,0.0242
bundesliga,2025,Augsburg,15,0.0063
bundesliga,2025,Augsburg,16,0.0003
bundesliga,2025,Augsburg,17,0.0
bundesliga,2025,Augsburg,18,0.0
bundesliga,2025,Bayer Leverkusen,1,0.0
bundesliga,2025,Bayer Leverkusen,2,0.0006
bundesliga,2025,Bayer Leverkusen,3,0.2562
bundesliga,2025,Bayer Leverkusen,4,0.3388
bundesliga,2025,Bayer Leverkusen,5,0.3153
bundesliga,2025,Bayer Leverkusen,6,0.0891
bundesliga,2025,Bayer Leverkusen,7,0.0
bundesliga,2025,Bayer Leverkusen,8,0.0
bundesliga,2025,Bayer Leverkusen,9,0.0
bundesliga,2025,Bayer Leverkusen,10,0.0
bundesliga,2025,Bayer Leverkusen,11,0.0
bundesliga,2025,Bayer Leverkusen,12,0.0
bundesliga,2025,Bayer Leverkusen,13,0.0
bundesliga,2025,Bayer Leverkusen,14,0.0
bundesliga,2025,Bayer Leverkusen,15,0.0
bundesliga,2025,Bayer Leverkusen,16,0.0
bundesliga,2025,Bayer Leverkusen,17,0.0
bundesliga,2025,Bayer Leverkusen,18,0.0
bundesliga,2025,Bayern Munich,1,0.9999
bundesliga,2025,Bayern Munich,2,0.0001
bundesliga,2025,Bayern Munich,3,0.0
bundesliga,2025,Bayern Munich,4,0.0
bundesliga,2025,Bayern Munich,5,0.0
bundesliga,2025,Bayern Munich,6,0.0
bundesliga,2025,Bayern Munich,7,0.0
bundesliga,2025,Bayern Munich,8,0.0
bundesliga,2025,Bayern Munich,9,0.0
bundesliga,2025,Bayern Munich,10,0.0
bundesliga,2025,Bayern Munich,11,0.0
bundesliga,2025,Bayern Munich,12,0.0
bundesliga,2025,Bayern Munich,13,0.0
bundesliga,2025,Bayern Munich,14,0.0
bundesliga,2025,Bayern Munich,15,0.0
bundesliga,2025,Bayern Munich,16,0.0
bundesliga,2025,Bayern Munich,17,0.0
bundesliga,2025,Bayern Munich,18,0.0
bundesliga,2025,Borussia Dortmund,1,0.0001
bundesliga,2025,Borussia Dortmund,2,0.9976
bundesliga,2025,Borussia Dortmund,3,0.0021
bundesliga,2025,Borussia Dortmund,4,0.0002
bundesliga,2025,Borussia Dortmund,5,0.0
bundesliga,2025,Borussia Dortmund,6,0.0
bundesliga,2025,Borussia Dortmund,7,0.0
bundesliga,2025,Borussia Dortmund,8,0.0
bundesliga,2025,Borussia Dortmund,9,0.0
bundesliga,2025,Borussia Dortmund,10,0.0
bundesliga,2025,Borussia Dortmund,11,0.0
bundesliga,2025,Borussia Dortmund,12,0.0
bundesliga,2025,Borussia Dortmund,13,0.0
bundesliga,2025,Borussia Dortmund,14,0.0
bundesliga,2025,Borussia Dortmund,15,0.0
bundesliga,2025,Borussia Dortmund,16,0.0
bundesliga,2025,Borussia Dortmund,17,0.0
bundesliga,2025,Borussia Dortmund,18,0.0
bundesliga,2025,Borussia M.Gladbach,1,0.0
bundesliga,2025,Borussia M.Gladbach,2,0.0
bundesliga,2025,Borussia M.Gladbach,3,0.0
bundesliga,2025,Borussia M.Gladbach,4,0.0
bundesliga,2025,Borussia M.Gladbach,5,0.0
bundesliga,2025,Borussia M.Gladbach,6,0.0
bundesliga,2025,Borussia M.Gladbach,7,0.0001
bundesliga,2025,Borussia M.Gladbach,8,0.0028
bundesliga,2025,Borussia M.Gladbach,9,0.0243
bundesliga,2025,Borussia M.Gladbach,10,0.0646
bundesliga,2025,Borussia M.Gladbach,11,0.1438
bundesliga,2025,Borussia M.Gladbach,12,0.1921
bundesliga,2025,Borussia M.Gladbach,13,0.2159
bundesliga,2025,Borussia M.Gladbach,14,0.1892
bundesliga,2025,Borussia M.Gladbach,15,0.1278
bundesliga,2025,Borussia M.Gladbach,16,0.0369
bundesliga,2025,Borussia M.Gladbach,17,0.0025
bundesliga,2025,Borussia M.Gladbach,18,0.0
bundesliga,2025,Eintracht Frankfurt,1,0.0
bundesliga,2025,Eintracht Frankfurt,2,0.0
bundesliga,2025,Eintracht Frankfurt,3,0.0
bundesliga,2025,Eintracht Frankfurt,4,0.0
bundesliga,2025,Eintracht Frankfurt,5,0.0
bundesliga,2025,Eintracht Frankfurt,6,0.0075
bundesliga,2025,Eintracht Frankfurt,7,0.7382
bundesliga,2025,Eintracht Frankfurt,8,0.2189
bundesliga,2025,Eintracht Frankfurt,9,0.0318
bundesliga,2025,Eintracht Frankfurt,10,0.0036
bundesliga,2025,Eintracht Frankfurt,11,0.0
bundesliga,2025,Eintracht Frankfurt,12,0.0
bundesliga,2025,Eintracht Frankfurt,13,0.0
bundesliga,2025,Eintracht Frankfurt,14,0.0
bundesliga,2025,Eintracht Frankfurt,15,0.0
bundesliga,2025,Eintracht Frankfurt,16,0.0
bundesliga,2025,Eintracht Frankfurt,17,0.0
bundesliga,2025,Eintracht Frankfurt,18,0.0
bundesliga,2025,FC Cologne,1,0.0
bundesliga,2025,FC Cologne,2,0.0
bundesliga,2025,FC Cologne,3,0.0
bundesliga,2025,FC Cologne,4,0.0
bundesliga,2025,FC Cologne,5,0.0
bundesliga,2025,FC Cologne,6,0.0
bundesliga,2025,FC Cologne,7,0.0
bundesliga,2025,FC Cologne,8,0.0001
bundesliga,2025,FC Cologne,9,0.0053
bundesliga,2025,FC Cologne,10,0.0212
bundesliga,2025,FC Cologne,11,0.0745
bundesliga,2025,FC Cologne,12,0.1072
bundesliga,2025,FC Cologne,13,0.1493
bundesliga,2025,FC Cologne,14,0.2021
bundesliga,2025,FC Cologne,15,0.2443
bundesliga,2025,FC Cologne,16,0.176
bundesliga,2025,FC Cologne,17,0.0187
bundesliga,2025,FC Cologne,18,0.0013
bundesliga,2025,FC Heidenheim,1,0.0
bundesliga,2025,FC Heidenheim,2,0.0
bundesliga,2025,FC Heidenheim,3,0.0
bundesliga,2025,FC Heidenheim,4,0.0
bundesliga,2025,FC Heidenheim,5,0.0
bundesliga,2025,FC Heidenheim,6,0.0
bundesliga,2025,FC Heidenheim,7,0.0
bundesliga,2025,FC Heidenheim,8,0.0
bundesliga,2025,FC Heidenheim,9,0.0
bundesliga,2025,FC Heidenheim,10,0.0
bundesliga,2025,FC Heidenheim,11,0.0
bundesliga,2025,FC Heidenheim,12,0.0
bundesliga,2025,FC Heidenheim,13,0.0
bundesliga,2025,FC Heidenheim,14,0.0008
bundesliga,2025,FC Heidenheim,15,0.0026
bundesliga,2025,FC Heidenheim,16,0.0273
bundesliga,2025,FC Heidenheim,17,0.2379
bundesliga,2025,FC Heidenheim,18,0.7314
bundesliga,2025,Freiburg,1,0.0
bundesliga,2025,Freiburg,2,0.0
bundesliga,2025,Freiburg,3,0.0
bundesliga,2025,Freiburg,4,0.0
bundesliga,2025,Freiburg,5,0.0
bundesliga,2025,Freiburg,6,0.0007
bundesliga,2025,Freiburg,7,0.2022
bundesliga,2025,Freiburg,8,0.5227
bundesliga,2025,Freiburg,9,0.2053
bundesliga,2025,Freiburg,10,0.0586
bundesliga,2025,Freiburg,11,0.0087
bundesliga,2025,Freiburg,12,0.0013
bundesliga,2025,Freiburg,13,0.0005
bundesliga,2025,Freiburg,14,0.0
bundesliga,2025,Freiburg,15,0.0
bundesliga,2025,Freiburg,16,0.0
bundesliga,2025,Freiburg,17,0.0
bundesliga,2025,Freiburg,18,0.0
bundesliga,2025,Hamburger SV,1,0.0
bundesliga,2025,Hamburger SV,2,0.0
bundesliga,2025,Hamburger SV,3,0.0
bundesliga,2025,Hamburger SV,4,0.0
bundesliga,2025,Hamburger SV,5,0.0
bundesliga,2025,Hamburger SV,6,0.0
bundesliga,2025,Hamburger SV,7,0.0003
bundesliga,2025,Hamburger SV,8,0.004
bundesliga,2025,Hamburger SV,9,0.0233
bundesliga,2025,Hamburger SV,10,0.0683
bundesliga,2025,Hamburger SV,11,0.1663
bundesliga,2025,Hamburger SV,12,0.2072
bundesliga,2025,Hamburger SV,13,0.1987
bundesliga,2025,Hamburger SV,14,0.1882
bundesliga,2025,Hamburger SV,15,0.116
bundesliga,2025,Hamburger SV,16,0.0273
bundesliga,2025,Hamburger SV,17,0.0004
bundesliga,2025,Hamburger SV,18,0.0
bundesliga,2025,Hoffenheim,1,0.0
bundesliga,2025,Hoffenheim,2,0.0
bundesliga,2025,Hoffenheim,3,0.0236
bundesliga,2025,Hoffenheim,4,0.086
bundesliga,2025,Hoffenheim,5,0.2272
bundesliga,2025,Hoffenheim,6,0.6555
bundesliga,2025,Hoffenheim,7,0.0074
bundesliga,2025,Hoffenheim,8,0.0003
bundesliga,2025,Hoffenheim,9,0.0
bundesliga,2025,Hoffenheim,10,0.0
bundesliga,2025,Hoffenheim,11,0.0
bundesliga,2025,Hoffenheim,12,0.0
bundesliga,2025,Hoffenheim,13,0.0
bundesliga,2025,Hoffenheim,14,0.0
bundesliga,2025,Hoffenheim,15,0.0
bundesliga,2025,Hoffenheim,16,0.0
bundesliga,2025,Hoffenheim,17,0.0
bundesliga,2025,Hoffenheim,18,0.0
bundesliga,2025,Mainz 05,1,0.0
bundesliga,2025,Mainz 05,2,0.0
bundesliga,2025,Mainz 05,3,0.0
bundesliga,2025,Mainz 05,4,0.0
bundesliga,2025,Mainz 05,5,0.0
bundesliga,2025,Mainz 05,6,0.0
bundesliga,2025,Mainz 05,7,0.0418
bundesliga,2025,Mainz 05,8,0.197
bundesliga,2025,Mainz 05,9,0.4283
bundesliga,2025,Mainz 05,10,0.2121
bundesliga,2025,Mainz 05,11,0.0704
bundesliga,2025,Mainz 05,12,0.0316
bundesliga,2025,Mainz 05,13,0.0138
bundesliga,2025,Mainz 05,14,0.0037
bundesliga,2025,Mainz 05,15,0.0012
bundesliga,2025,Mainz 05,16,0.0001
bundesliga,2025,Mainz 05,17,0.0
bundesliga,2025,Mainz 05,18,0.0
bundesliga,2025,RasenBallsport Leipzig,1,0.0
bundesliga,2025,RasenBallsport Leipzig,2,0.0013
bundesliga,2025,RasenBallsport Leipzig,3,0.571
bundesliga,2025,RasenBallsport Leipzig,4,0.2774
bundesliga,2025,RasenBallsport Leipzig,5,0.1245
bundesliga,2025,RasenBallsport Leipzig,6,0.0258
bundesliga,2025,RasenBallsport Leipzig,7,0.0
bundesliga,2025,RasenBallsport Leipzig,8,0.0
bundesliga,2025,RasenBallsport Leipzig,9,0.0
bundesliga,2025,RasenBallsport Leipzig,10,0.0
bundesliga,2025,RasenBallsport Leipzig,11,0.0
bundesliga,2025,RasenBallsport Leipzig,12,0.0
bundesliga,2025,RasenBallsport Leipzig,13,0.0
bundesliga,2025,RasenBallsport Leipzig,14,0.0
bundesliga,2025,RasenBallsport Leipzig,15,0.0
bundesliga,2025,RasenBallsport Leipzig,16,0.0
bundesliga,2025,RasenBallsport Leipzig,17,0.0
bundesliga,2025,RasenBallsport Leipzig,18,0.0
bundesliga,2025,St. Pauli,1,0.0
bundesliga,2025,St. Pauli,2,0.0
bundesliga,2025,St. Pauli,3,0.0
bundesliga,2025,St. Pauli,4,0.0
bundesliga,2025,St. Pauli,5,0.0
bundesliga,2025,St. Pauli,6,0.0
bundesliga,2025,St. Pauli,7,0.0
bundesliga,2025,St. Pauli,8,0.0001
bundesliga,2025,St. Pauli,9,0.0007
bundesliga,2025,St. Pauli,10,0.003
bundesliga,2025,St. Pauli,11,0.0133
bundesliga,2025,St. Pauli,12,0.0268
bundesliga,2025,St. Pauli,13,0.0518
bundesliga,2025,St. Pauli,14,0.0975
bundesliga,2025,St. Pauli,15,0.1907
bundesliga,2025,St. Pauli,16,0.4607
bundesliga,2025,St. Pauli,17,0.1331
bundesliga,2025,St. Pauli,18,0.0223
bundesliga,2025,Union Berlin,1,0.0
bundesliga,2025,Union Berlin,2,0.0
bundesliga,2025,Union Berlin,3,0.0
bundesliga,2025,Union Berlin,4,0.0
bundesliga,2025,Union Berlin,5,0.0
bundesliga,2025,Union Berlin,6,0.0
bundesliga,2025,Union Berlin,7,0.0001
bundesliga,2025,Union Berlin,8,0.0066
bundesliga,2025,Union Berlin,9,0.0625
bundesliga,2025,Union Berlin,10,0.1562
bundesliga,2025,Union Berlin,11,0.259
bundesliga,2025,Union Berlin,12,0.2182
bundesliga,2025,Union Berlin,13,0.1503
bundesliga,2025,Union Berlin,14,0.0957
bundesliga,2025,Union Berlin,15,0.0425
bundesliga,2025,Union Berlin,16,0.0088
bundesliga,2025,Union Berlin,17,0.0001
bundesliga,2025,Union Berlin,18,0.0
bundesliga,2025,VfB Stuttgart,1,0.0
bundesliga,2025,VfB Stuttgart,2,0.0004
bundesliga,2025,VfB Stuttgart,3,0.1471
bundesliga,2025,VfB Stuttgart,4,0.2976
bundesliga,2025,VfB Stuttgart,5,0.333
bundesliga,2025,VfB Stuttgart,6,0.2214
bundesliga,2025,VfB Stuttgart,7,0.0005
bundesliga,2025,VfB Stuttgart,8,0.0
bundesliga,2025,VfB Stuttgart,9,0.0
bundesliga,2025,VfB Stuttgart,10,0.0
bundesliga,2025,VfB Stuttgart,11,0.0
bundesliga,2025,VfB Stuttgart,12,0.0
bundesliga,2025,VfB Stuttgart,13,0.0
bundesliga,2025,VfB Stuttgart,14,0.0
bundesliga,2025,VfB Stuttgart,15,0.0
bundesliga,2025,VfB Stuttgart,16,0.0
bundesliga,2025,VfB Stuttgart,17,0.0
bundesliga,2025,VfB Stuttgart,18,0.0
bundesliga,2025,Werder Bremen,1,0.0
bundesliga,2025,Werder Bremen,2,0.0
bundesliga,2025,Werder Bremen,3,0.0
bundesliga,2025,Werder Bremen,4,0.0
bundesliga,2025,Werder Bremen,5,0.0
bundesliga,2025,Werder Bremen,6,0.0
bundesliga,2025,Werder Bremen,7,0.0
bundesliga,2025,Werder Bremen,8,0.0006
bundesliga,2025,Werder Bremen,9,0.0064
bundesliga,2025,Werder Bremen,10,0.0384
bundesliga,2025,Werder Bremen,11,0.0831
bundesliga,2025,Werder Bremen,12,0.1229
bundesliga,2025,Werder Bremen,13,0.1633
bundesliga,2025,Werder Bremen,14,0.1915
bundesliga,2025,Werder Bremen,15,0.2438
bundesliga,2025,Werder Bremen,16,0.1401
bundesliga,2025,Werder Bremen,17,0.0098
bundesliga,2025,Werder Bremen,18,0.0001
bundesliga,2025,Wolfsburg,1,0.0
bundesliga,2025,Wolfsburg,2,0.0
bundesliga,2025,Wolfsburg,3,0.0
bundesliga,2025,Wolfsburg,4,0.0
bundesliga,2025,Wolfsburg,5,0.0
bundesliga,2025,Wolfsburg,6,0.0
bundesliga,2025,Wolfsburg,7,0.0
bundesliga,2025,Wolfsburg,8,0.0
bundesliga,2025,Wolfsburg,9,0.0
bundesliga,2025,Wolfsburg,10,0.0
bundesliga,2025,Wolfsburg,11,0.0
bundesliga,2025,Wolfsburg,12,0.0006
bundesliga,2025,Wolfsburg,13,0.0026
bundesliga,2025,Wolfsburg,14,0.0071
bundesliga,2025,Wolfsburg,15,0.0248
bundesliga,2025,Wolfsburg,16,0.1225
bundesliga,2025,Wolfsburg,17,0.5975
bundesliga,2025,Wolfsburg,18,0.2449
la_liga,2025,Alaves,1,0.0
la_liga,2025,Alaves,2,0.0
la_liga,2025,Alaves,3,0.0
la_liga,2025,Alaves,4,0.0
la_liga,2025,Alaves,5,0.0
la_liga,2025,Alaves,6,0.0002
la_liga,2025,Alaves,7,0.0005
la_liga,2025,Alaves,8,0.0014
la_liga,2025,Alaves,9,0.0061
la_liga,2025,Alaves,10,0.0114
la_liga,2025,Alaves,11,0.0292
la_liga,2025,Alaves,12,0.0494
la_liga,2025,Alaves,13,0.0835
la_liga,2025,Alaves,14,0.136
la_liga,2025,Alaves,15,0.1784
la_liga,2025,Alaves,16,0.1824
la_liga,2025,Alaves,17,0.1605
la_liga,2025,Alaves,18,0.1176
la_liga,2025,Alaves,19,0.038
la_liga,2025,Alaves,20,0.0054
la_liga,2025,Athletic Club,1,0.0
la_liga,2025,Athletic Club,2,0.0
la_liga,2025,Athletic Club,3,0.0
la_liga,2025,Athletic Club,4,0.0
la_liga,2025,Athletic Club,5,0.0238
la_liga,2025,Athletic Club,6,0.0715
la_liga,2025,Athletic Club,7,0.1073
la_liga,2025,Athletic Club,8,0.1568
la_liga,2025,Athletic Club,9,0.1811
la_liga,2025,Athletic Club,10,0.1487
la_liga,2025,Athletic Club,11,0.1236
la_liga,2025,Athletic Club,12,0.0841
la_liga,2025,Athletic Club,13,0.0517
la_liga,2025,Athletic Club,14,0.0308
la_liga,2025,Athletic Club,15,0.0131
la_liga,2025,Athletic Club,16,0.0055
la_liga,2025,Athletic Club,17,0.0019
la_liga,2025,Athletic Club,18,0.0001
la_liga,2025,Athletic Club,19,0.0
la_liga,2025,Athletic Club,20,0.0
la_liga,2025,Atletico Madrid,1,0.0
la_liga,2025,Atletico Madrid,2,0.0036
la_liga,2025,Atletico Madrid,3,0.4838
la_liga,2025,Atletico Madrid,4,0.5119
la_liga,2025,Atletico Madrid,5,0.0007
la_liga,2025,Atletico Madrid,6,0.0
la_liga,2025,Atletico Madrid,7,0.0
la_liga,2025,Atletico Madrid,8,0.0
la_liga,2025,Atletico Madrid,9,0.0
la_liga,2025,Atletico Madrid,10,0.0
la_liga,2025,Atletico Madrid,11,0.0
la_liga,2025,Atletico Madrid,12,0.0
la_liga,2025,Atletico Madrid,13,0.0
la_liga,2025,Atletico Madrid,14,0.0
la_liga,2025,Atletico Madrid,15,0.0
la_liga,2025,Atletico Madrid,16,0.0
la_liga,2025,Atletico Madrid,17,0.0
la_liga,2025,Atletico Madrid,18,0.0
la_liga,2025,Atletico Madrid,19,0.0
la_liga,2025,Atletico Madrid,20,0.0
la_liga,2025,Barcelona,1,0.9864
la_liga,2025,Barcelona,2,0.0136
la_liga,2025,Barcelona,3,0.0
la_liga,2025,Barcelona,4,0.0
la_liga,2025,Barcelona,5,0.0
la_liga,2025,Barcelona,6,0.0
la_liga,2025,Barcelona,7,0.0
la_liga,2025,Barcelona,8,0.0
la_liga,2025,Barcelona,9,0.0
la_liga,2025,Barcelona,10,0.0
la_liga,2025,Barcelona,11,0.0
la_liga,2025,Barcelona,12,0.0
la_liga,2025,Barcelona,13,0.0
la_liga,2025,Barcelona,14,0.0
la_liga,2025,Barcelona,15,0.0
la_liga,2025,Barcelona,16,0.0
la_liga,2025,Barcelona,17,0.0
la_liga,2025,Barcelona,18,0.0
la_liga,2025,Barcelona,19,0.0
la_liga,2025,Barcelona,20,0.0
la_liga,2025,Celta Vigo,1,0.0
la_liga,2025,Celta Vigo,2,0.0
la_liga,2025,Celta Vigo,3,0.0
la_liga,2025,Celta Vigo,4,0.0
la_liga,2025,Celta Vigo,5,0.2219
la_liga,2025,Celta Vigo,6,0.3032
la_liga,2025,Celta Vigo,7,0.227
la_liga,2025,Celta Vigo,8,0.1335
la_liga,2025,Celta Vigo,9,0.0668
la_liga,2025,Celta Vigo,10,0.0307
la_liga,2025,Celta Vigo,11,0.0127
la_liga,2025,Celta Vigo,12,0.0032
la_liga,2025,Celta Vigo,13,0.0009
la_liga,2025,Celta Vigo,14,0.0001
la_liga,2025,Celta Vigo,15,0.0
la_liga,2025,Celta Vigo,16,0.0
la_liga,2025,Celta Vigo,17,0.0
la_liga,2025,Celta Vigo,18,0.0
la_liga,2025,Celta Vigo,19,0.0
la_liga,2025,Celta Vigo,20,0.0
la_liga,2025,Elche,1,0.0
la_liga,2025,Elche,2,0.0
la_liga,2025,Elche,3,0.0
la_liga,2025,Elche,4,0.0
la_liga,2025,Elche,5,0.0
la_liga,2025,Elche,6,0.0
la_liga,2025,Elche,7,0.0002
la_liga,2025,Elche,8,0.0006
la_liga,2025,Elche,9,0.0032
la_liga,2025,Elche,10,0.0061
la_liga,2025,Elche,11,0.0164
la_liga,2025,Elche,12,0.0306
la_liga,2025,Elche,13,0.0485
la_liga,2025,Elche,14,0.0931
la_liga,2025,Elche,15,0.1351
la_liga,2025,Elche,16,0.187
la_liga,2025,Elche,17,0.2064
la_liga,2025,Elche,18,0.1893
la_liga,2025,Elche,19,0.0706
la_liga,2025,Elche,20,0.0129
la_liga,2025,Espanyol,1,0.0
la_liga,2025,Espanyol,2,0.0
la_liga,2025,Espanyol,3,0.0
la_liga,2025,Espanyol,4,0.0
la_liga,2025,Espanyol,5,0.002
la_liga,2025,Espanyol,6,0.0095
la_liga,2025,Espanyol,7,0.0263
la_liga,2025,Espanyol,8,0.0569
la_liga,2025,Espanyol,9,0.0883
la_liga,2025,Espanyol,10,0.1292
la_liga,2025,Espanyol,11,0.1548
la_liga,2025,Espanyol,12,0.17
la_liga,2025,Espanyol,13,0.1532
la_liga,2025,Espanyol,14,0.107
la_liga,2025,Espanyol,15,0.0591
la_liga,2025,Espanyol,16,0.0293
la_liga,2025,Espanyol,17,0.012
la_liga,2025,Espanyol,18,0.0024
la_liga,2025,Espanyol,19,0.0
la_liga,2025,Espanyol,20,0.0
la_liga,2025,Getafe,1,0.0
la_liga,2025,Getafe,2,0.0
la_liga,2025,Getafe,3,0.0
la_liga,2025,Getafe,4,0.0
la_liga,2025,Getafe,5,0.0573
la_liga,2025,Getafe,6,0.1208
la_liga,2025,Getafe,7,0.1745
la_liga,2025,Getafe,8,0.1973
la_liga,2025,Getafe,9,0.1643
la_liga,2025,Getafe,10,0.1247
la_liga,2025,Getafe,11,0.0777
la_liga,2025,Getafe,12,0.048
la_liga,2025,Getafe,13,0.0228
la_liga,2025,Getafe,14,0.009
la_liga,2025,Getafe,15,0.0027
la_liga,2025,Getafe,16,0.0007
la_liga,2025,Getafe,17,0.0002
la_liga,2025,Getafe,18,0.0
la_liga,2025,Getafe,19,0.0
la_liga,2025,Getafe,20,0.0
la_liga,2025,Girona,1,0.0
la_liga,2025,Girona,2,0.0
la_liga,2025,Girona,3,0.0
la_liga,2025,Girona,4,0.0
la_liga,2025,Girona,5,0.0031
la_liga,2025,Girona,6,0.0109
la_liga,2025,Girona,7,0.0232
la_liga,2025,Girona,8,0.0548
la_liga,2025,Girona,9,0.0927
la_liga,2025,Girona,10,0.1315
la_liga,2025,Girona,11,0.1648
la_liga,2025,Girona,12,0.1689
la_liga,2025,Girona,13,0.1494
la_liga,2025,Girona,14,0.1
la_liga,2025,Girona,15,0.0557
la_liga,2025,Girona,16,0.0304
la_liga,2025,Girona,17,0.0119
la_liga,2025,Girona,18,0.0026
la_liga,2025,Girona,19,0.0001
la_liga,2025,Girona,20,0.0
la_liga,2025,Levante,1,0.0
la_liga,2025,Levante,2,0.0
la_liga,2025,Levante,3,0.0
la_liga,2025,Levante,4,0.0
la_liga,2025,Levante,5,0.0
la_liga,2025,Levante,6,0.0
la_liga,2025,Levante,7,0.0
la_liga,2025,Levante,8,0.0
la_liga,2025,Levante,9,0.0001
la_liga,2025,Levante,10,0.0
la_liga,2025,Levante,11,0.0006
la_liga,2025,Levante,12,0.0026
la_liga,2025,Levante,13,0.0047
la_liga,2025,Levante,14,0.0137
la_liga,2025,Levante,15,0.0261
la_liga,2025,Levante,16,0.0547
la_liga,2025,Levante,17,0.0983
la_liga,2025,Levante,18,0.1756
la_liga,2025,Levante,19,0.4317
la_liga,2025,Levante,20,0.1919
la_liga,2025,Mallorca,1,0.0
la_liga,2025,Mallorca,2,0.0
la_liga,2025,Mallorca,3,0.0
la_liga,2025,Mallorca,4,0.0
la_liga,2025,Mallorca,5,0.0
la_liga,2025,Mallorca,6,0.0003
la_liga,2025,Mallorca,7,0.0004
la_liga,2025,Mallorca,8,0.0018
la_liga,2025,Mallorca,9,0.0067
la_liga,2025,Mallorca,10,0.0191
la_liga,2025,Mallorca,11,0.0278
la_liga,2025,Mallorca,12,0.0514
la_liga,2025,Mallorca,13,0.0819
la_liga,2025,Mallorca,14,0.1293
la_liga,2025,Mallorca,15,0.1565
la_liga,2025,Mallorca,16,0.1626
la_liga,2025,Mallorca,17,0.1625
la_liga,2025,Mallorca,18,0.128
la_liga,2025,Mallorca,19,0.0596
la_liga,2025,Mallorca,20,0.0121
la_liga,2025,Osasuna,1,0.0
la_liga,2025,Osasuna,2,0.0
la_liga,2025,Osasuna,3,0.0
la_liga,2025,Osasuna,4,0.0
la_liga,2025,Osasuna,5,0.0123
la_liga,2025,Osasuna,6,0.0336
la_liga,2025,Osasuna,7,0.0598
la_liga,2025,Osasuna,8,0.1023
la_liga,2025,Osasuna,9,0.1379
la_liga,2025,Osasuna,10,0.1673
la_liga,2025,Osasuna,11,0.155
la_liga,2025,Osasuna,12,0.1317
la_liga,2025,Osasuna,13,0.0993
la_liga,2025,Osasuna,14,0.0543
la_liga,2025,Osasuna,15,0.0284
la_liga,2025,Osasuna,16,0.0118
la_liga,2025,Osasuna,17,0.005
la_liga,2025,Osasuna,18,0.0012
la_liga,2025,Osasuna,19,0.0001
la_liga,2025,Osasuna,20,0.0
la_liga,2025,Rayo Vallecano,1,0.0
la_liga,2025,Rayo Vallecano,2,0.0
la_liga,2025,Rayo Vallecano,3,0.0
la_liga,2025,Rayo Vallecano,4,0.0
la_liga,2025,Rayo Vallecano,5,0.0038
la_liga,2025,Rayo Vallecano,6,0.015
la_liga,2025,Rayo Vallecano,7,0.0297
la_liga,2025,Rayo Vallecano,8,0.0607
la_liga,2025,Rayo Vallecano,9,0.0905
la_liga,2025,Rayo Vallecano,10,0.12
la_liga,2025,Rayo Vallecano,11,0.1393
la_liga,2025,Rayo Vallecano,12,0.1461
la_liga,2025,Rayo Vallecano,13,0.142
la_liga,2025,Rayo Vallecano,14,0.1041
la_liga,2025,Rayo Vallecano,15,0.0749
la_liga,2025,Rayo Vallecano,16,0.0434
la_liga,2025,Rayo Vallecano,17,0.0211
la_liga,2025,Rayo Vallecano,18,0.0084
la_liga,2025,Rayo Vallecano,19,0.001
la_liga,2025,Rayo Vallecano,20,0.0
la_liga,2025,Real Betis,1,0.0
la_liga,2025,Real Betis,2,0.0
la_liga,2025,Real Betis,3,0.0
la_liga,2025,Real Betis,4,0.0005
la_liga,2025,Real Betis,5,0.5338
la_liga,2025,Real Betis,6,0.2313
la_liga,2025,Real Betis,7,0.1263
la_liga,2025,Real Betis,8,0.0617
la_liga,2025,Real Betis,9,0.0293
la_liga,2025,Real Betis,10,0.0109
la_liga,2025,Real Betis,11,0.0045
la_liga,2025,Real Betis,12,0.0016
la_liga,2025,Real Betis,13,0.0001
la_liga,2025,Real Betis,14,0.0
la_liga,2025,Real Betis,15,0.0
la_liga,2025,Real Betis,16,0.0
la_liga,2025,Real Betis,17,0.0
la_liga,2025,Real Betis,18,0.0
la_liga,2025,Real Betis,19,0.0
la_liga,2025,Real Betis,20,0.0
la_liga,2025,Real Madrid,1,0.0136
la_liga,2025,Real Madrid,2,0.9791
la_liga,2025,Real Madrid,3,0.0066
la_liga,2025,Real Madrid,4,0.0007
la_liga,2025,Real Madrid,5,0.0
la_liga,2025,Real Madrid,6,0.0
la_liga,2025,Real Madrid,7,0.0
la_liga,2025,Real Madrid,8,0.0
la_liga,2025,Real Madrid,9,0.0
la_liga,2025,Real Madrid,10,0.0
la_liga,2025,Real Madrid,11,0.0
la_liga,2025,Real Madrid,12,0.0
la_liga,2025,Real Madrid,13,0.0
la_liga,2025,Real Madrid,14,0.0
la_liga,2025,Real Madrid,15,0.0
la_liga,2025,Real Madrid,16,0.0
la_liga,2025,Real Madrid,17,0.0
la_liga,2025,Real Madrid,18,0.0
la_liga,2025,Real Madrid,19,0.0
la_liga,2025,Real Madrid,20,0.0
la_liga,2025,Real Oviedo,1,0.0
la_liga,2025,Real Oviedo,2,0.0
la_liga,2025,Real Oviedo,3,0.0
la_liga,2025,Real Oviedo,4,0.0
la_liga,2025,Real Oviedo,5,0.0
la_liga,2025,Real Oviedo,6,0.0
la_liga,2025,Real Oviedo,7,0.0
la_liga,2025,Real Oviedo,8,0.0
la_liga,2025,Real Oviedo,9,0.0
la_liga,2025,Real Oviedo,10,0.0001
la_liga,2025,Real Oviedo,11,0.0
la_liga,2025,Real Oviedo,12,0.0
la_liga,2025,Real Oviedo,13,0.0002
la_liga,2025,Real Oviedo,14,0.0019
la_liga,2025,Real Oviedo,15,0.0044
la_liga,2025,Real Oviedo,16,0.0089
la_liga,2025,Real Oviedo,17,0.0245
la_liga,2025,Real Oviedo,18,0.0561
la_liga,2025,Real Oviedo,19,0.1833
la_liga,2025,Real Oviedo,20,0.7206
la_liga,2025,Real Sociedad,1,0.0
la_liga,2025,Real Sociedad,2,0.0
la_liga,2025,Real Sociedad,3,0.0
la_liga,2025,Real Sociedad,4,0.0002
la_liga,2025,Real Sociedad,5,0.1413
la_liga,2025,Real Sociedad,6,0.2034
la_liga,2025,Real Sociedad,7,0.2236
la_liga,2025,Real Sociedad,8,0.1661
la_liga,2025,Real Sociedad,9,0.1181
la_liga,2025,Real Sociedad,10,0.0683
la_liga,2025,Real Sociedad,11,0.0404
la_liga,2025,Real Sociedad,12,0.023
la_liga,2025,Real Sociedad,13,0.0118
la_liga,2025,Real Sociedad,14,0.0027
la_liga,2025,Real Sociedad,15,0.0009
la_liga,2025,Real Sociedad,16,0.0002
la_liga,2025,Real Sociedad,17,0.0
la_liga,2025,Real Sociedad,18,0.0
la_liga,2025,Real Sociedad,19,0.0
la_liga,2025,Real Sociedad,20,0.0
la_liga,2025,Sevilla,1,0.0
la_liga,2025,Sevilla,2,0.0
la_liga,2025,Sevilla,3,0.0
la_liga,2025,Sevilla,4,0.0
la_liga,2025,Sevilla,5,0.0
la_liga,2025,Sevilla,6,0.0
la_liga,2025,Sevilla,7,0.0
la_liga,2025,Sevilla,8,0.0003
la_liga,2025,Sevilla,9,0.0006
la_liga,2025,Sevilla,10,0.0026
la_liga,2025,Sevilla,11,0.0049
la_liga,2025,Sevilla,12,0.0104
la_liga,2025,Sevilla,13,0.0221
la_liga,2025,Sevilla,14,0.0461
la_liga,2025,Sevilla,15,0.082
la_liga,2025,Sevilla,16,0.1309
la_liga,2025,Sevilla,17,0.1849
la_liga,2025,Sevilla,18,0.2595
la_liga,2025,Sevilla,19,0.2
la_liga,2025,Sevilla,20,0.0557
la_liga,2025,Valencia,1,0.0
la_liga,2025,Valencia,2,0.0
la_liga,2025,Valencia,3,0.0
la_liga,2025,Valencia,4,0.0
la_liga,2025,Valencia,5,0.0
la_liga,2025,Valencia,6,0.0003
la_liga,2025,Valencia,7,0.0012
la_liga,2025,Valencia,8,0.0058
la_liga,2025,Valencia,9,0.0143
la_liga,2025,Valencia,10,0.0294
la_liga,2025,Valencia,11,0.0483
la_liga,2025,Valencia,12,0.079
la_liga,2025,Valencia,13,0.1279
la_liga,2025,Valencia,14,0.1719
la_liga,2025,Valencia,15,0.1827
la_liga,2025,Valencia,16,0.1522
la_liga,2025,Valencia,17,0.1108
la_liga,2025,Valencia,18,0.0592
la_liga,2025,Valencia,19,0.0156
la_liga,2025,Valencia,20,0.0014
la_liga,2025,Villarreal,1,0.0
la_liga,2025,Villarreal,2,0.0037
la_liga,2025,Villarreal,3,0.5096
la_liga,2025,Villarreal,4,0.4867
la_liga,2025,Villarreal,5,0.0
la_liga,2025,Villarreal,6,0.0
la_liga,2025,Villarreal,7,0.0
la_liga,2025,Villarreal,8,0.0
la_liga,2025,Villarreal,9,0.0
la_liga,2025,Villarreal,10,0.0
la_liga,2025,Villarreal,11,0.0
la_liga,2025,Villarreal,12,0.0
la_liga,2025,Villarreal,13,0.0
la_liga,2025,Villarreal,14,0.0
la_liga,2025,Villarreal,15,0.0
la_liga,2025,Villarreal,16,0.0
la_liga,2025,Villarreal,17,0.0
la_liga,2025,Villarreal,18,0.0
la_liga,2025,Villarreal,19,0.0
la_liga,2025,Villarreal,20,0.0
ligue_1,2025,Angers,1,0.0
ligue_1,2025,Angers,2,0.0
ligue_1,2025,Angers,3,0.0
ligue_1,2025,Angers,4,0.0
ligue_1,2025,Angers,5,0.0
ligue_1,2025,Angers,6,0.0
ligue_1,2025,Angers,7,0.0
ligue_1,2025,Angers,8,0.0007
ligue_1,2025,Angers,9,0.0307
ligue_1,2025,Angers,10,0.0649
ligue_1,2025,Angers,11,0.1182
ligue_1,2025,Angers,12,0.2247
ligue_1,2025,Angers,13,0.3697
ligue_1,2025,Angers,14,0.1556
ligue_1,2025,Angers,15,0.0342
ligue_1,2025,Angers,16,0.0013
ligue_1,2025,Angers,17,0.0
ligue_1,2025,Angers,18,0.0
ligue_1,2025,Auxerre,1,0.0
ligue_1,2025,Auxerre,2,0.0
ligue_1,2025,Auxerre,3,0.0
ligue_1,2025,Auxerre,4,0.0
ligue_1,2025,Auxerre,5,0.0
ligue_1,2025,Auxerre,6,0.0
ligue_1,2025,Auxerre,7,0.0
ligue_1,2025,Auxerre,8,0.0
ligue_1,2025,Auxerre,9,0.0
ligue_1,2025,Auxerre,10,0.0
ligue_1,2025,Auxerre,11,0.0002
ligue_1,2025,Auxerre,12,0.0005
ligue_1,2025,Auxerre,13,0.0048
ligue_1,2025,Auxerre,14,0.0373
ligue_1,2025,Auxerre,15,0.1455
ligue_1,2025,Auxerre,16,0.7266
ligue_1,2025,Auxerre,17,0.0827
ligue_1,2025,Auxerre,18,0.0024
ligue_1,2025,Brest,1,0.0
ligue_1,2025,Brest,2,0.0
ligue_1,2025,Brest,3,0.0
ligue_1,2025,Brest,4,0.0
ligue_1,2025,Brest,5,0.0
ligue_1,2025,Brest,6,0.0001
ligue_1,2025,Brest,7,0.0012
ligue_1,2025,Brest,8,0.0218
ligue_1,2025,Brest,9,0.2957
ligue_1,2025,Brest,10,0.2642
ligue_1,2025,Brest,11,0.2021
ligue_1,2025,Brest,12,0.1282
ligue_1,2025,Brest,13,0.0738
ligue_1,2025,Brest,14,0.0124
ligue_1,2025,Brest,15,0.0005
ligue_1,2025,Brest,16,0.0
ligue_1,2025,Brest,17,0.0
ligue_1,2025,Brest,18,0.0
ligue_1,2025,Le Havre,1,0.0
ligue_1,2025,Le Havre,2,0.0
ligue_1,2025,Le Havre,3,0.0
ligue_1,2025,Le Havre,4,0.0
ligue_1,2025,Le Havre,5,0.0
ligue_1,2025,Le Havre,6,0.0
ligue_1,2025,Le Havre,7,0.0
ligue_1,2025,Le Havre,8,0.0
ligue_1,2025,Le Havre,9,0.0013
ligue_1,2025,Le Havre,10,0.0041
ligue_1,2025,Le Havre,11,0.0115
ligue_1,2025,Le Havre,12,0.0361
ligue_1,2025,Le Havre,13,0.1009
ligue_1,2025,Le Havre,14,0.3451
ligue_1,2025,Le Havre,15,0.4206
ligue_1,2025,Le Havre,16,0.0797
ligue_1,2025,Le Havre,17,0.0007
ligue_1,2025,Le Havre,18,0.0
ligue_1,2025,Lens,1,0.0203
ligue_1,2025,Lens,2,0.9482
ligue_1,2025,Lens,3,0.0264
ligue_1,2025,Lens,4,0.0045
ligue_1,2025,Lens,5,0.0005
ligue_1,2025,Lens,6,0.0001
ligue_1,2025,Lens,7,0.0
ligue_1,2025,Lens,8,0.0
ligue_1,2025,Lens,9,0.0
ligue_1,2025,Lens,10,0.0
ligue_1,2025,Lens,11,0.0
ligue_1,2025,Lens,12,0.0
ligue_1,2025,Lens,13,0.0
ligue_1,2025,Lens,14,0.0
ligue_1,2025,Lens,15,0.0
ligue_1,2025,Lens,16,0.0
ligue_1,2025,Lens,17,0.0
ligue_1,2025,Lens,18,0.0
ligue_1,2025,Lille,1,0.0
ligue_1,2025,Lille,2,0.0151
ligue_1,2025,Lille,3,0.4301
ligue_1,2025,Lille,4,0.2806
ligue_1,2025,Lille,5,0.1574
ligue_1,2025,Lille,6,0.0851
ligue_1,2025,Lille,7,0.0277
ligue_1,2025,Lille,8,0.004
ligue_1,2025,Lille,9,0.0
ligue_1,2025,Lille,10,0.0
ligue_1,2025,Lille,11,0.0
ligue_1,2025,Lille,12,0.0
ligue_1,2025,Lille,13,0.0
ligue_1,2025,Lille,14,0.0
ligue_1,2025,Lille,15,0.0
ligue_1,2025,Lille,16,0.0
ligue_1,2025,Lille,17,0.0
ligue_1,2025,Lille,18,0.0
ligue_1,2025,Lorient,1,0.0
ligue_1,2025,Lorient,2,0.0
ligue_1,2025,Lorient,3,0.0
ligue_1,2025,Lorient,4,0.0
ligue_1,2025,Lorient,5,0.0
ligue_1,2025,Lorient,6,0.0002
ligue_1,2025,Lorient,7,0.0023
ligue_1,2025,Lorient,8,0.0392
ligue_1,2025,Lorient,9,0.3803
ligue_1,2025,Lorient,10,0.2927
ligue_1,2025,Lorient,11,0.1773
ligue_1,2025,Lorient,12,0.0801
ligue_1,2025,Lorient,13,0.0249
ligue_1,2025,Lorient,14,0.003
ligue_1,2025,Lorient,15,0.0
ligue_1,2025,Lorient,16,0.0
ligue_1,2025,Lorient,17,0.0
ligue_1,2025,Lorient,18,0.0
ligue_1,2025,Lyon,1,0.0
ligue_1,2025,Lyon,2,0.0013
ligue_1,2025,Lyon,3,0.06
ligue_1,2025,Lyon,4,0.1315
ligue_1,2025,Lyon,5,0.246
ligue_1,2025,Lyon,6,0.2629
ligue_1,2025,Lyon,7,0.228
ligue_1,2025,Lyon,8,0.0685
ligue_1,2025,Lyon,9,0.0018
ligue_1,2025,Lyon,10,0.0
ligue_1,2025,Lyon,11,0.0
ligue_1,2025,Lyon,12,0.0
ligue_1,2025,Lyon,13,0.0
ligue_1,2025,Lyon,14,0.0
ligue_1,2025,Lyon,15,0.0
ligue_1,2025,Lyon,16,0.0
ligue_1,2025,Lyon,17,0.0
ligue_1,2025,Lyon,18,0.0
ligue_1,2025,Marseille,1,0.0
ligue_1,2025,Marseille,2,0.0139
ligue_1,2025,Marseille,3,0.3775
ligue_1,2025,Marseille,4,0.3308
ligue_1,2025,Marseille,5,0.1607
ligue_1,2025,Marseille,6,0.0806
ligue_1,2025,Marseille,7,0.0331
ligue_1,2025,Marseille,8,0.0034
ligue_1,2025,Marseille,9,0.0
ligue_1,2025,Marseille,10,0.0
ligue_1,2025,Marseille,11,0.0
ligue_1,2025,Marseille,12,0.0
ligue_1,2025,Marseille,13,0.0
ligue_1,2025,Marseille,14,0.0
ligue_1,2025,Marseille,15,0.0
ligue_1,2025,Marseille,16,0.0
ligue_1,2025,Marseille,17,0.0
ligue_1,2025,Marseille,18,0.0
ligue_1,2025,Metz,1,0.0
ligue_1,2025,Metz,2,0.0
ligue_1,2025,Metz,3,0.0
ligue_1,2025,Metz,4,0.0
ligue_1,2025,Metz,5,0.0
ligue_1,2025,Metz,6,0.0
ligue_1,2025,Metz,7,0.0
ligue_1,2025,Metz,8,0.0
ligue_1,2025,Metz,9,0.0
ligue_1,2025,Metz,10,0.0
ligue_1,2025,Metz,11,0.0
ligue_1,2025,Metz,12,0.0
ligue_1,2025,Metz,13,0.0
ligue_1,2025,Metz,14,0.0
ligue_1,2025,Metz,15,0.0
ligue_1,2025,Metz,16,0.0036
ligue_1,2025,Metz,17,0.2094
ligue_1,2025,Metz,18,0.787
ligue_1,2025,Monaco,1,0.0
ligue_1,2025,Monaco,2,0.0011
ligue_1,2025,Monaco,3,0.0795
ligue_1,2025,Monaco,4,0.1853
ligue_1,2025,Monaco,5,0.2775
ligue_1,2025,Monaco,6,0.2805
ligue_1,2025,Monaco,7,0.1402
ligue_1,2025,Monaco,8,0.0358
ligue_1,2025,Monaco,9,0.0001
ligue_1,2025,Monaco,10,0.0
ligue_1,2025,Monaco,11,0.0
ligue_1,2025,Monaco,12,0.0
ligue_1,2025,Monaco,13,0.0
ligue_1,2025,Monaco,14,0.0
ligue_1,2025,Monaco,15,0.0
ligue_1,2025,Monaco,16,0.0
ligue_1,2025,Monaco,17,0.0
ligue_1,2025,Monaco,18,0.0
ligue_1,2025,Nantes,1,0.0
ligue_1,2025,Nantes,2,0.0
ligue_1,2025,Nantes,3,0.0
ligue_1,2025,Nantes,4,0.0
ligue_1,2025,Nantes,5,0.0
ligue_1,2025,Nantes,6,0.0
ligue_1,2025,Nantes,7,0.0
ligue_1,2025,Nantes,8,0.0
ligue_1,2025,Nantes,9,0.0
ligue_1,2025,Nantes,10,0.0
ligue_1,2025,Nantes,11,0.0
ligue_1,2025,Nantes,12,0.0
ligue_1,2025,Nantes,13,0.0
ligue_1,2025,Nantes,14,0.0003
ligue_1,2025,Nantes,15,0.0045
ligue_1,2025,Nantes,16,0.0791
ligue_1,2025,Nantes,17,0.7055
ligue_1,2025,Nantes,18,0.2106
ligue_1,2025,Nice,1,0.0
ligue_1,2025,Nice,2,0.0
ligue_1,2025,Nice,3,0.0
ligue_1,2025,Nice,4,0.0
ligue_1,2025,Nice,5,0.0
ligue_1,2025,Nice,6,0.0
ligue_1,2025,Nice,7,0.0
ligue_1,2025,Nice,8,0.0
ligue_1,2025,Nice,9,0.0006
ligue_1,2025,Nice,10,0.0026
ligue_1,2025,Nice,11,0.0119
ligue_1,2025,Nice,12,0.0389
ligue_1,2025,Nice,13,0.0969
ligue_1,2025,Nice,14,0.3533
ligue_1,2025,Nice,15,0.3845
ligue_1,2025,Nice,16,0.1096
ligue_1,2025,Nice,17,0.0017
ligue_1,2025,Nice,18,0.0
ligue_1,2025,Paris FC,1,0.0
ligue_1,2025,Paris FC,2,0.0
ligue_1,2025,Paris FC,3,0.0
ligue_1,2025,Paris FC,4,0.0
ligue_1,2025,Paris FC,5,0.0
ligue_1,2025,Paris FC,6,0.0
ligue_1,2025,Paris FC,7,0.0
ligue_1,2025,Paris FC,8,0.0015
ligue_1,2025,Paris FC,9,0.0637
ligue_1,2025,Paris FC,10,0.1257
ligue_1,2025,Paris FC,11,0.199
ligue_1,2025,Paris FC,12,0.2898
ligue_1,2025,Paris FC,13,0.2364
ligue_1,2025,Paris FC,14,0.0744
ligue_1,2025,Paris FC,15,0.0094
ligue_1,2025,Paris FC,16,0.0001
ligue_1,2025,Paris FC,17,0.0
ligue_1,2025,Paris FC,18,0.0
ligue_1,2025,Paris Saint-Germain,1,0.9797
ligue_1,2025,Paris Saint-Germain,2,0.0203
ligue_1,2025,Paris Saint-Germain,3,0.0
ligue_1,2025,Paris Saint-Germain,4,0.0
ligue_1,2025,Paris Saint-Germain,5,0.0
ligue_1,2025,Paris Saint-Germain,6,0.0
ligue_1,2025,Paris Saint-Germain,7,0.0
ligue_1,2025,Paris Saint-Germain,8,0.0
ligue_1,2025,Paris Saint-Germain,9,0.0
ligue_1,2025,Paris Saint-Germain,10,0.0
ligue_1,2025,Paris Saint-Germain,11,0.0
ligue_1,2025,Paris Saint-Germain,12,0.0
ligue_1,2025,Paris Saint-Germain,13,0.0
ligue_1,2025,Paris Saint-Germain,14,0.0
ligue_1,2025,Paris Saint-Germain,15,0.0
ligue_1,2025,Paris Saint-Germain,16,0.0
ligue_1,2025,Paris Saint-Germain,17,0.0
ligue_1,2025,Paris Saint-Germain,18,0.0
ligue_1,2025,Rennes,1,0.0
ligue_1,2025,Rennes,2,0.0001
ligue_1,2025,Rennes,3,0.0261
ligue_1,2025,Rennes,4,0.0605
ligue_1,2025,Rennes,5,0.1316
ligue_1,2025,Rennes,6,0.2282
ligue_1,2025,Rennes,7,0.3914
ligue_1,2025,Rennes,8,0.1587
ligue_1,2025,Rennes,9,0.0033
ligue_1,2025,Rennes,10,0.0001
ligue_1,2025,Rennes,11,0.0
ligue_1,2025,Rennes,12,0.0
ligue_1,2025,Rennes,13,0.0
ligue_1,2025,Rennes,14,0.0
ligue_1,2025,Rennes,15,0.0
ligue_1,2025,Rennes,16,0.0
ligue_1,2025,Rennes,17,0.0
ligue_1,2025,Rennes,18,0.0
ligue_1,2025,Strasbourg,1,0.0
ligue_1,2025,Strasbourg,2,0.0
ligue_1,2025,Strasbourg,3,0.0004
ligue_1,2025,Strasbourg,4,0.0068
ligue_1,2025,Strasbourg,5,0.0263
ligue_1,2025,Strasbourg,6,0.0623
ligue_1,2025,Strasbourg,7,0.1754
ligue_1,2025,Strasbourg,8,0.6554
ligue_1,2025,Strasbourg,9,0.0579
ligue_1,2025,Strasbourg,10,0.0121
ligue_1,2025,Strasbourg,11,0.0032
ligue_1,2025,Strasbourg,12,0.0002
ligue_1,2025,Strasbourg,13,0.0
ligue_1,2025,Strasbourg,14,0.0
ligue_1,2025,Strasbourg,15,0.0
ligue_1,2025,Strasbourg,16,0.0
ligue_1,2025,Strasbourg,17,0.0
ligue_1,2025,Strasbourg,18,0.0
ligue_1,2025,Toulouse,1,0.0
ligue_1,2025,Toulouse,2,0.0
ligue_1,2025,Toulouse,3,0.0
ligue_1,2025,Toulouse,4,0.0
ligue_1,2025,Toulouse,5,0.0
ligue_1,2025,Toulouse,6,0.0
ligue_1,2025,Toulouse,7,0.0007
ligue_1,2025,Toulouse,8,0.011
ligue_1,2025,Toulouse,9,0.1646
ligue_1,2025,Toulouse,10,0.2336
ligue_1,2025,Toulouse,11,0.2766
ligue_1,2025,Toulouse,12,0.2015
ligue_1,2025,Toulouse,13,0.0926
ligue_1,2025,Toulouse,14,0.0186
ligue_1,2025,Toulouse,15,0.0008
ligue_1,2025,Toulouse,16,0.0
ligue_1,2025,Toulouse,17,0.0
ligue_1,2025,Toulouse,18,0.0
premier_league,2025,Arsenal,1,0.9063
premier_league,2025,Arsenal,2,0.0937
premier_league,2025,Arsenal,3,0.0
premier_league,2025,Arsenal,4,0.0
premier_league,2025,Arsenal,5,0.0
premier_league,2025,Arsenal,6,0.0
premier_league,2025,Arsenal,7,0.0
premier_league,2025,Arsenal,8,0.0
premier_league,2025,Arsenal,9,0.0
premier_league,2025,Arsenal,10,0.0
premier_league,2025,Arsenal,11,0.0
premier_league,2025,Arsenal,12,0.0
premier_league,2025,Arsenal,13,0.0
premier_league,2025,Arsenal,14,0.0
premier_league,2025,Arsenal,15,0.0
premier_league,2025,Arsenal,16,0.0
premier_league,2025,Arsenal,17,0.0
premier_league,2025,Arsenal,18,0.0
premier_league,2025,Arsenal,19,0.0
premier_league,2025,Arsenal,20,0.0
premier_league,2025,Aston Villa,1,0.0
premier_league,2025,Aston Villa,2,0.0145
premier_league,2025,Aston Villa,3,0.4529
premier_league,2025,Aston Villa,4,0.3969
premier_league,2025,Aston Villa,5,0.1055
premier_league,2025,Aston Villa,6,0.0241
premier_league,2025,Aston Villa,7,0.0047
premier_league,2025,Aston Villa,8,0.001
premier_league,2025,Aston Villa,9,0.0004
premier_league,2025,Aston Villa,10,0.0
premier_league,2025,Aston Villa,11,0.0
premier_league,2025,Aston Villa,12,0.0
premier_league,2025,Aston Villa,13,0.0
premier_league,2025,Aston Villa,14,0.0
premier_league,2025,Aston Villa,15,0.0
premier_league,2025,Aston Villa,16,0.0
premier_league,2025,Aston Villa,17,0.0
premier_league,2025,Aston Villa,18,0.0
premier_league,2025,Aston Villa,19,0.0
premier_league,2025,Aston Villa,20,0.0
premier_league,2025,Bournemouth,1,0.0
premier_league,2025,Bournemouth,2,0.0
premier_league,2025,Bournemouth,3,0.0
premier_league,2025,Bournemouth,4,0.0009
premier_league,2025,Bournemouth,5,0.0152
premier_league,2025,Bournemouth,6,0.0558
premier_league,2025,Bournemouth,7,0.1158
premier_league,2025,Bournemouth,8,0.1365
premier_league,2025,Bournemouth,9,0.1534
premier_league,2025,Bournemouth,10,0.1618
premier_league,2025,Bournemouth,11,0.1505
premier_league,2025,Bournemouth,12,0.1133
premier_league,2025,Bournemouth,13,0.0689
premier_league,2025,Bournemouth,14,0.0261
premier_league,2025,Bournemouth,15,0.0017
premier_league,2025,Bournemouth,16,0.0001
premier_league,2025,Bournemouth,17,0.0
premier_league,2025,Bournemouth,18,0.0
premier_league,2025,Bournemouth,19,0.0
premier_league,2025,Bournemouth,20,0.0
premier_league,2025,Brentford,1,0.0
premier_league,2025,Brentford,2,0.0
premier_league,2025,Brentford,3,0.0004
premier_league,2025,Brentford,4,0.0038
premier_league,2025,Brentford,5,0.0312
premier_league,2025,Brentford,6,0.0835
premier_league,2025,Brentford,7,0.1519
premier_league,2025,Brentford,8,0.1649
premier_league,2025,Brentford,9,0.1707
premier_league,2025,Brentford,10,0.1581
premier_league,2025,Brentford,11,0.1131
premier_league,2025,Brentford,12,0.0783
premier_league,2025,Brentford,13,0.0339
premier_league,2025,Brentford,14,0.0101
premier_league,2025,Brentford,15,0.0001
premier_league,2025,Brentford,16,0.0
premier_league,2025,Brentford,17,0.0
premier_league,2025,Brentford,18,0.0
premier_league,2025,Brentford,19,0.0
premier_league,2025,Brentford,20,0.0
premier_league,2025,Brighton,1,0.0
premier_league,2025,Brighton,2,0.0
premier_league,2025,Brighton,3,0.0009
premier_league,2025,Brighton,4,0.0082
premier_league,2025,Brighton,5,0.0666
premier_league,2025,Brighton,6,0.1436
premier_league,2025,Brighton,7,0.1885
premier_league,2025,Brighton,8,0.1764
premier_league,2025,Brighton,9,0.1459
premier_league,2025,Brighton,10,0.1196
premier_league,2025,Brighton,11,0.0795
premier_league,2025,Brighton,12,0.0455
premier_league,2025,Brighton,13,0.0198
premier_league,2025,Brighton,14,0.0053
premier_league,2025,Brighton,15,0.0002
premier_league,2025,Brighton,16,0.0
premier_league,2025,Brighton,17,0.0
premier_league,2025,Brighton,18,0.0
premier_league,2025,Brighton,19,0.0
premier_league,2025,Brighton,20,0.0
premier_league,2025,Burnley,1,0.0
premier_league,2025,Burnley,2,0.0
premier_league,2025,Burnley,3,0.0
premier_league,2025,Burnley,4,0.0
premier_league,2025,Burnley,5,0.0
premier_league,2025,Burnley,6,0.0
premier_league,2025,Burnley,7,0.0
premier_league,2025,Burnley,8,0.0
premier_league,2025,Burnley,9,0.0
premier_league,2025,Burnley,10,0.0
premier_league,2025,Burnley,11,0.0
premier_league,2025,Burnley,12,0.0
premier_league,2025,Burnley,13,0.0
premier_league,2025,Burnley,14,0.0
premier_league,2025,Burnley,15,0.0
premier_league,2025,Burnley,16,0.0
premier_league,2025,Burnley,17,0.0003
premier_league,2025,Burnley,18,0.0017
premier_league,2025,Burnley,19,0.6013
premier_league,2025,Burnley,20,0.3967
premier_league,2025,Chelsea,1,0.0
premier_league,2025,Chelsea,2,0.0
premier_league,2025,Chelsea,3,0.0167
premier_league,2025,Chelsea,4,0.0747
premier_league,2025,Chelsea,5,0.2813
premier_league,2025,Chelsea,6,0.2706
premier_league,2025,Chelsea,7,0.1522
premier_league,2025,Chelsea,8,0.0948
premier_league,2025,Chelsea,9,0.0565
premier_league,2025,Chelsea,10,0.0322
premier_league,2025,Chelsea,11,0.0143
premier_league,2025,Chelsea,12,0.0051
premier_league,2025,Chelsea,13,0.0014
premier_league,2025,Chelsea,14,0.0002
premier_league,2025,Chelsea,15,0.0
premier_league,2025,Chelsea,16,0.0
premier_league,2025,Chelsea,17,0.0
premier_league,2025,Chelsea,18,0.0
premier_league,2025,Chelsea,19,0.0
premier_league,2025,Chelsea,20,0.0
premier_league,2025,Crystal Palace,1,0.0
premier_league,2025,Crystal Palace,2,0.0
premier_league,2025,Crystal Palace,3,0.0
premier_league,2025,Crystal Palace,4,0.0
premier_league,2025,Crystal Palace,5,0.0007
premier_league,2025,Crystal Palace,6,0.0017
premier_league,2025,Crystal Palace,7,0.0072
premier_league,2025,Crystal Palace,8,0.0129
premier_league,2025,Crystal Palace,9,0.0266
premier_league,2025,Crystal Palace,10,0.0407
premier_league,2025,Crystal Palace,11,0.0737
premier_league,2025,Crystal Palace,12,0.1273
premier_league,2025,Crystal Palace,13,0.2164
premier_league,2025,Crystal Palace,14,0.4072
premier_league,2025,Crystal Palace,15,0.0745
premier_league,2025,Crystal Palace,16,0.0092
premier_league,2025,Crystal Palace,17,0.0018
premier_league,2025,Crystal Palace,18,0.0001
premier_league,2025,Crystal Palace,19,0.0
premier_league,2025,Crystal Palace,20,0.0
premier_league,2025,Everton,1,0.0
premier_league,2025,Everton,2,0.0
premier_league,2025,Everton,3,0.0002
premier_league,2025,Everton,4,0.0056
premier_league,2025,Everton,5,0.0444
premier_league,2025,Everton,6,0.1078
premier_league,2025,Everton,7,0.1604
premier_league,2025,Everton,8,0.1764
premier_league,2025,Everton,9,0.1708
premier_league,2025,Everton,10,0.1438
premier_league,2025,Everton,11,0.0954
premier_league,2025,Everton,12,0.056
premier_league,2025,Everton,13,0.0301
premier_league,2025,Everton,14,0.0088
premier_league,2025,Everton,15,0.0003
premier_league,2025,Everton,16,0.0
premier_league,2025,Everton,17,0.0
premier_league,2025,Everton,18,0.0
premier_league,2025,Everton,19,0.0
premier_league,2025,Everton,20,0.0
premier_league,2025,Fulham,1,0.0
premier_league,2025,Fulham,2,0.0
premier_league,2025,Fulham,3,0.0002
premier_league,2025,Fulham,4,0.0014
premier_league,2025,Fulham,5,0.01
premier_league,2025,Fulham,6,0.0291
premier_league,2025,Fulham,7,0.0568
premier_league,2025,Fulham,8,0.0853
premier_league,2025,Fulham,9,0.1131
premier_league,2025,Fulham,10,0.1459
premier_league,2025,Fulham,11,0.1852
premier_league,2025,Fulham,12,0.1675
premier_league,2025,Fulham,13,0.1336
premier_league,2025,Fulham,14,0.0686
premier_league,2025,Fulham,15,0.0031
premier_league,2025,Fulham,16,0.0002
premier_league,2025,Fulham,17,0.0
premier_league,2025,Fulham,18,0.0
premier_league,2025,Fulham,19,0.0
premier_league,2025,Fulham,20,0.0
premier_league,2025,Leeds,1,0.0
premier_league,2025,Leeds,2,0.0
premier_league,2025,Leeds,3,0.0
premier_league,2025,Leeds,4,0.0
premier_league,2025,Leeds,5,0.0
premier_league,2025,Leeds,6,0.0
premier_league,2025,Leeds,7,0.0
premier_league,2025,Leeds,8,0.0001
premier_league,2025,Leeds,9,0.0001
premier_league,2025,Leeds,10,0.0004
premier_league,2025,Leeds,11,0.0011
premier_league,2025,Leeds,12,0.0056
premier_league,2025,Leeds,13,0.0157
premier_league,2025,Leeds,14,0.0684
premier_league,2025,Leeds,15,0.4923
premier_league,2025,Leeds,16,0.2381
premier_league,2025,Leeds,17,0.1204
premier_league,2025,Leeds,18,0.0578
premier_league,2025,Leeds,19,0.0
premier_league,2025,Leeds,20,0.0
premier_league,2025,Liverpool,1,0.0
premier_league,2025,Liverpool,2,0.0001
premier_league,2025,Liverpool,3,0.054
premier_league,2025,Liverpool,4,0.1352
premier_league,2025,Liverpool,5,0.3251
premier_league,2025,Liverpool,6,0.2262
premier_league,2025,Liverpool,7,0.1104
premier_league,2025,Liverpool,8,0.0713
premier_league,2025,Liverpool,9,0.0423
premier_league,2025,Liverpool,10,0.0239
premier_league,2025,Liverpool,11,0.0075
premier_league,2025,Liverpool,12,0.0027
premier_league,2025,Liverpool,13,0.001
premier_league,2025,Liverpool,14,0.0003
premier_league,2025,Liverpool,15,0.0
premier_league,2025,Liverpool,16,0.0
premier_league,2025,Liverpool,17,0.0
premier_league,2025,Liverpool,18,0.0
premier_league,2025,Liverpool,19,0.0
premier_league,2025,Liverpool,20,0.0
premier_league,2025,Manchester City,1,0.0937
premier_league,2025,Manchester City,2,0.8832
premier_league,2025,Manchester City,3,0.0197
premier_league,2025,Manchester City,4,0.0033
premier_league,2025,Manchester City,5,0.0001
premier_league,2025,Manchester City,6,0.0
premier_league,2025,Manchester City,7,0.0
premier_league,2025,Manchester City,8,0.0
premier_league,2025,Manchester City,9,0.0
premier_league,2025,Manchester City,10,0.0
premier_league,2025,Manchester City,11,0.0
premier_league,2025,Manchester City,12,0.0
premier_league,2025,Manchester City,13,0.0
premier_league,2025,Manchester City,14,0.0
premier_league,2025,Manchester City,15,0.0
premier_league,2025,Manchester City,16,0.0
premier_league,2025,Manchester City,17,0.0
premier_league,2025,Manchester City,18,0.0
premier_league,2025,Manchester City,19,0.0
premier_league,2025,Manchester City,20,0.0
premier_league,2025,Manchester United,1,0.0
premier_league,2025,Manchester United,2,0.0085
premier_league,2025,Manchester United,3,0.455
premier_league,2025,Manchester United,4,0.3697
premier_league,2025,Manchester United,5,0.1161
premier_league,2025,Manchester United,6,0.0396
premier_league,2025,Manchester United,7,0.008
premier_league,2025,Manchester United,8,0.0024
premier_league,2025,Manchester United,9,0.0005
premier_league,2025,Manchester United,10,0.0002
premier_league,2025,Manchester United,11,0.0
premier_league,2025,Manchester United,12,0.0
premier_league,2025,Manchester United,13,0.0
premier_league,2025,Manchester United,14,0.0
premier_league,2025,Manchester United,15,0.0
premier_league,2025,Manchester United,16,0.0
premier_league,2025,Manchester United,17,0.0
premier_league,2025,Manchester United,18,0.0
premier_league,2025,Manchester United,19,0.0
premier_league,2025,Manchester United,20,0.0
premier_league,2025,Newcastle United,1,0.0
premier_league,2025,Newcastle United,2,0.0
premier_league,2025,Newcastle United,3,0.0
premier_league,2025,Newcastle United,4,0.0001
premier_league,2025,Newcastle United,5,0.0018
premier_league,2025,Newcastle United,6,0.01
premier_league,2025,Newcastle United,7,0.0276
premier_league,2025,Newcastle United,8,0.0444
premier_league,2025,Newcastle United,9,0.0691
premier_league,2025,Newcastle United,10,0.097
premier_league,2025,Newcastle United,11,0.1471
premier_league,2025,Newcastle United,12,0.2004
premier_league,2025,Newcastle United,13,0.2072
premier_league,2025,Newcastle United,14,0.1724
premier_league,2025,Newcastle United,15,0.0208
premier_league,2025,Newcastle United,16,0.002
premier_league,2025,Newcastle United,17,0.0001
premier_league,2025,Newcastle United,18,0.0
premier_league,2025,Newcastle United,19,0.0
premier_league,2025,Newcastle United,20,0.0
premier_league,2025,Nottingham Forest,1,0.0
premier_league,2025,Nottingham Forest,2,0.0
premier_league,2025,Nottingham Forest,3,0.0
premier_league,2025,Nottingham Forest,4,0.0
premier_league,2025,Nottingham Forest,5,0.0
premier_league,2025,Nottingham Forest,6,0.0
premier_league,2025,Nottingham Forest,7,0.0
premier_league,2025,Nottingham Forest,8,0.0
premier_league,2025,Nottingham Forest,9,0.0
premier_league,2025,Nottingham Forest,10,0.0001
premier_league,2025,Nottingham Forest,11,0.0001
premier_league,2025,Nottingham Forest,12,0.0015
premier_league,2025,Nottingham Forest,13,0.0069
premier_league,2025,Nottingham Forest,14,0.0276
premier_league,2025,Nottingham Forest,15,0.2333
premier_league,2025,Nottingham Forest,16,0.408
premier_league,2025,Nottingham Forest,17,0.2208
premier_league,2025,Nottingham Forest,18,0.1013
premier_league,2025,Nottingham Forest,19,0.0004
premier_league,2025,Nottingham Forest,20,0.0
premier_league,2025,Sunderland,1,0.0
premier_league,2025,Sunderland,2,0.0
premier_league,2025,Sunderland,3,0.0
premier_league,2025,Sunderland,4,0.0002
premier_league,2025,Sunderland,5,0.002
premier_league,2025,Sunderland,6,0.008
premier_league,2025,Sunderland,7,0.0165
premier_league,2025,Sunderland,8,0.0336
premier_league,2025,Sunderland,9,0.0506
premier_league,2025,Sunderland,10,0.0762
premier_league,2025,Sunderland,11,0.1325
premier_league,2025,Sunderland,12,0.1966
premier_league,2025,Sunderland,13,0.2643
premier_league,2025,Sunderland,14,0.1933
premier_league,2025,Sunderland,15,0.0242
premier_league,2025,Sunderland,16,0.0018
premier_league,2025,Sunderland,17,0.0002
premier_league,2025,Sunderland,18,0.0
premier_league,2025,Sunderland,19,0.0
premier_league,2025,Sunderland,20,0.0
premier_league,2025,Tottenham,1,0.0
premier_league,2025,Tottenham,2,0.0
premier_league,2025,Tottenham,3,0.0
premier_league,2025,Tottenham,4,0.0
premier_league,2025,Tottenham,5,0.0
premier_league,2025,Tottenham,6,0.0
premier_league,2025,Tottenham,7,0.0
premier_league,2025,Tottenham,8,0.0
premier_league,2025,Tottenham,9,0.0
premier_league,2025,Tottenham,10,0.0
premier_league,2025,Tottenham,11,0.0
premier_league,2025,Tottenham,12,0.0001
premier_league,2025,Tottenham,13,0.0005
premier_league,2025,Tottenham,14,0.006
premier_league,2025,Tottenham,15,0.0771
premier_league,2025,Tottenham,16,0.1633
premier_league,2025,Tottenham,17,0.3206
premier_league,2025,Tottenham,18,0.4306
premier_league,2025,Tottenham,19,0.0017
premier_league,2025,Tottenham,20,0.0001
premier_league,2025,West Ham,1,0.0
premier_league,2025,West Ham,2,0.0
premier_league,2025,West Ham,3,0.0
premier_league,2025,West Ham,4,0.0
premier_league,2025,West Ham,5,0.0
premier_league,2025,West Ham,6,0.0
premier_league,2025,West Ham,7,0.0
premier_league,2025,West Ham,8,0.0
premier_league,2025,West Ham,9,0.0
premier_league,2025,West Ham,10,0.0001
premier_league,2025,West Ham,11,0.0
premier_league,2025,West Ham,12,0.0001
premier_league,2025,West Ham,13,0.0003
premier_league,2025,West Ham,14,0.0057
premier_league,2025,West Ham,15,0.0724
premier_league,2025,West Ham,16,0.1773
premier_league,2025,West Ham,17,0.3358
premier_league,2025,West Ham,18,0.4079
premier_league,2025,West Ham,19,0.0004
premier_league,2025,West Ham,20,0.0
premier_league,2025,Wolverhampton Wanderers,1,0.0
premier_league,2025,Wolverhampton Wanderers,2,0.0
premier_league,2025,Wolverhampton Wanderers,3,0.0
premier_league,2025,Wolverhampton Wanderers,4,0.0
premier_league,2025,Wolverhampton Wanderers,5,0.0
premier_league,2025,Wolverhampton Wanderers,6,0.0
premier_league,2025,Wolverhampton Wanderers,7,0.0
premier_league,2025,Wolverhampton Wanderers,8,0.0
premier_league,2025,Wolverhampton Wanderers,9,0.0
premier_league,2025,Wolverhampton Wanderers,10,0.0
premier_league,2025,Wolverhampton Wanderers,11,0.0
premier_league,2025,Wolverhampton Wanderers,12,0.0
premier_league,2025,Wolverhampton Wanderers,13,0.0
premier_league,2025,Wolverhampton Wanderers,14,0.0
premier_league,2025,Wolverhampton Wanderers,15,0.0
premier_league,2025,Wolverhampton Wanderers,16,0.0
premier_league,2025,Wolverhampton Wanderers,17,0.0
premier_league,2025,Wolverhampton Wanderers,18,0.0006
premier_league,2025,Wolverhampton Wanderers,19,0.3962
premier_league,2025,Wolverhampton Wanderers,20,0.6032
serie_a,2025,AC Milan,1,0.0075
serie_a,2025,AC Milan,2,0.2147
serie_a,2025,AC Milan,3,0.6351
serie_a,2025,AC Milan,4,0.1076
serie_a,2025,AC Milan,5,0.0296
serie_a,2025,AC Milan,6,0.0046
serie_a,2025,AC Milan,7,0.0009
serie_a,2025,AC Milan,8,0.0
serie_a,2025,AC Milan,9,0.0
serie_a,2025,AC Milan,10,0.0
serie_a,2025,AC Milan,11,0.0
serie_a,2025,AC Milan,12,0.0
serie_a,2025,AC Milan,13,0.0
serie_a,2025,AC Milan,14,0.0
serie_a,2025,AC Milan,15,0.0
serie_a,2025,AC Milan,16,0.0
serie_a,2025,AC Milan,17,0.0
serie_a,2025,AC Milan,18,0.0
serie_a,2025,AC Milan,19,0.0
serie_a,2025,AC Milan,20,0.0
serie_a,2025,Atalanta,1,0.0
serie_a,2025,Atalanta,2,0.0002
serie_a,2025,Atalanta,3,0.0015
serie_a,2025,Atalanta,4,0.0423
serie_a,2025,Atalanta,5,0.1163
serie_a,2025,Atalanta,6,0.279
serie_a,2025,Atalanta,7,0.5543
serie_a,2025,Atalanta,8,0.006
serie_a,2025,Atalanta,9,0.0004
serie_a,2025,Atalanta,10,0.0
serie_a,2025,Atalanta,11,0.0
serie_a,2025,Atalanta,12,0.0
serie_a,2025,Atalanta,13,0.0
serie_a,2025,Atalanta,14,0.0
serie_a,2025,Atalanta,15,0.0
serie_a,2025,Atalanta,16,0.0
serie_a,2025,Atalanta,17,0.0
serie_a,2025,Atalanta,18,0.0
serie_a,2025,Atalanta,19,0.0
serie_a,2025,Atalanta,20,0.0
serie_a,2025,Bologna,1,0.0
serie_a,2025,Bologna,2,0.0
serie_a,2025,Bologna,3,0.0
serie_a,2025,Bologna,4,0.0
serie_a,2025,Bologna,5,0.0
serie_a,2025,Bologna,6,0.0
serie_a,2025,Bologna,7,0.0033
serie_a,2025,Bologna,8,0.3763
serie_a,2025,Bologna,9,0.3887
serie_a,2025,Bologna,10,0.1699
serie_a,2025,Bologna,11,0.0543
serie_a,2025,Bologna,12,0.007
serie_a,2025,Bologna,13,0.0005
serie_a,2025,Bologna,14,0.0
serie_a,2025,Bologna,15,0.0
serie_a,2025,Bologna,16,0.0
serie_a,2025,Bologna,17,0.0
serie_a,2025,Bologna,18,0.0
serie_a,2025,Bologna,19,0.0
serie_a,2025,Bologna,20,0.0
serie_a,2025,Cagliari,1,0.0
serie_a,2025,Cagliari,2,0.0
serie_a,2025,Cagliari,3,0.0
serie_a,2025,Cagliari,4,0.0
serie_a,2025,Cagliari,5,0.0
serie_a,2025,Cagliari,6,0.0
serie_a,2025,Cagliari,7,0.0
serie_a,2025,Cagliari,8,0.0
serie_a,2025,Cagliari,9,0.0
serie_a,2025,Cagliari,10,0.0002
serie_a,2025,Cagliari,11,0.0041
serie_a,2025,Cagliari,12,0.0168
serie_a,2025,Cagliari,13,0.0617
serie_a,2025,Cagliari,14,0.135
serie_a,2025,Cagliari,15,0.2417
serie_a,2025,Cagliari,16,0.369
serie_a,2025,Cagliari,17,0.1512
serie_a,2025,Cagliari,18,0.0203
serie_a,2025,Cagliari,19,0.0
serie_a,2025,Cagliari,20,0.0
serie_a,2025,Como,1,0.0
serie_a,2025,Como,2,0.0089
serie_a,2025,Como,3,0.0583
serie_a,2025,Como,4,0.36
serie_a,2025,Como,5,0.335
serie_a,2025,Como,6,0.173
serie_a,2025,Como,7,0.0647
serie_a,2025,Como,8,0.0001
serie_a,2025,Como,9,0.0
serie_a,2025,Como,10,0.0
serie_a,2025,Como,11,0.0
serie_a,2025,Como,12,0.0
serie_a,2025,Como,13,0.0
serie_a,2025,Como,14,0.0
serie_a,2025,Como,15,0.0
serie_a,2025,Como,16,0.0
serie_a,2025,Como,17,0.0
serie_a,2025,Como,18,0.0
serie_a,2025,Como,19,0.0
serie_a,2025,Como,20,0.0
serie_a,2025,Cremonese,1,0.0
serie_a,2025,Cremonese,2,0.0
serie_a,2025,Cremonese,3,0.0
serie_a,2025,Cremonese,4,0.0
serie_a,2025,Cremonese,5,0.0
serie_a,2025,Cremonese,6,0.0
serie_a,2025,Cremonese,7,0.0
serie_a,2025,Cremonese,8,0.0
serie_a,2025,Cremonese,9,0.0
serie_a,2025,Cremonese,10,0.0
serie_a,2025,Cremonese,11,0.0
serie_a,2025,Cremonese,12,0.0001
serie_a,2025,Cremonese,13,0.0016
serie_a,2025,Cremonese,14,0.0056
serie_a,2025,Cremonese,15,0.0204
serie_a,2025,Cremonese,16,0.056
serie_a,2025,Cremonese,17,0.2756
serie_a,2025,Cremonese,18,0.6233
serie_a,2025,Cremonese,19,0.0172
serie_a,2025,Cremonese,20,0.0002
serie_a,2025,Fiorentina,1,0.0
serie_a,2025,Fiorentina,2,0.0
serie_a,2025,Fiorentina,3,0.0
serie_a,2025,Fiorentina,4,0.0
serie_a,2025,Fiorentina,5,0.0
serie_a,2025,Fiorentina,6,0.0
serie_a,2025,Fiorentina,7,0.0
serie_a,2025,Fiorentina,8,0.0001
serie_a,2025,Fiorentina,9,0.0013
serie_a,2025,Fiorentina,10,0.0064
serie_a,2025,Fiorentina,11,0.0275
serie_a,2025,Fiorentina,12,0.0911
serie_a,2025,Fiorentina,13,0.2423
serie_a,2025,Fiorentina,14,0.2241
serie_a,2025,Fiorentina,15,0.1949
serie_a,2025,Fiorentina,16,0.1405
serie_a,2025,Fiorentina,17,0.0618
serie_a,2025,Fiorentina,18,0.01
serie_a,2025,Fiorentina,19,0.0
serie_a,2025,Fiorentina,20,0.0
serie_a,2025,Genoa,1,0.0
serie_a,2025,Genoa,2,0.0
serie_a,2025,Genoa,3,0.0
serie_a,2025,Genoa,4,0.0
serie_a,2025,Genoa,5,0.0
serie_a,2025,Genoa,6,0.0
serie_a,2025,Genoa,7,0.0
serie_a,2025,Genoa,8,0.0
serie_a,2025,Genoa,9,0.0012
serie_a,2025,Genoa,10,0.0099
serie_a,2025,Genoa,11,0.0332
serie_a,2025,Genoa,12,0.1038
serie_a,2025,Genoa,13,0.2235
serie_a,2025,Genoa,14,0.2323
serie_a,2025,Genoa,15,0.2013
serie_a,2025,Genoa,16,0.135
serie_a,2025,Genoa,17,0.0492
serie_a,2025,Genoa,18,0.0106
serie_a,2025,Genoa,19,0.0
serie_a,2025,Genoa,20,0.0
serie_a,2025,Inter,1,0.9449
serie_a,2025,Inter,2,0.0496
serie_a,2025,Inter,3,0.0055
serie_a,2025,Inter,4,0.0
serie_a,2025,Inter,5,0.0
serie_a,2025,Inter,6,0.0
serie_a,2025,Inter,7,0.0
serie_a,2025,Inter,8,0.0
serie_a,2025,Inter,9,0.0
serie_a,2025,Inter,10,0.0
serie_a,2025,Inter,11,0.0
serie_a,2025,Inter,12,0.0
serie_a,2025,Inter,13,0.0
serie_a,2025,Inter,14,0.0
serie_a,2025,Inter,15,0.0
serie_a,2025,Inter,16,0.0
serie_a,2025,Inter,17,0.0
serie_a,2025,Inter,18,0.0
serie_a,2025,Inter,19,0.0
serie_a,2025,Inter,20,0.0
serie_a,2025,Juventus,1,0.0
serie_a,2025,Juventus,2,0.0055
serie_a,2025,Juventus,3,0.0888
serie_a,2025,Juventus,4,0.3988
serie_a,2025,Juventus,5,0.3225
serie_a,2025,Juventus,6,0.1405
serie_a,2025,Juventus,7,0.0439
serie_a,2025,Juventus,8,0.0
serie_a,2025,Juventus,9,0.0
serie_a,2025,Juventus,10,0.0
serie_a,2025,Juventus,11,0.0
serie_a,2025,Juventus,12,0.0
serie_a,2025,Juventus,13,0.0
serie_a,2025,Juventus,14,0.0
serie_a,2025,Juventus,15,0.0
serie_a,2025,Juventus,16,0.0
serie_a,2025,Juventus,17,0.0
serie_a,2025,Juventus,18,0.0
serie_a,2025,Juventus,19,0.0
serie_a,2025,Juventus,20,0.0
serie_a,2025,Lazio,1,0.0
serie_a,2025,Lazio,2,0.0
serie_a,2025,Lazio,3,0.0
serie_a,2025,Lazio,4,0.0
serie_a,2025,Lazio,5,0.0
serie_a,2025,Lazio,6,0.0003
serie_a,2025,Lazio,7,0.0058
serie_a,2025,Lazio,8,0.5069
serie_a,2025,Lazio,9,0.3237
serie_a,2025,Lazio,10,0.12
serie_a,2025,Lazio,11,0.0369
serie_a,2025,Lazio,12,0.0054
serie_a,2025,Lazio,13,0.001
serie_a,2025,Lazio,14,0.0
serie_a,2025,Lazio,15,0.0
serie_a,2025,Lazio,16,0.0
serie_a,2025,Lazio,17,0.0
serie_a,2025,Lazio,18,0.0
serie_a,2025,Lazio,19,0.0
serie_a,2025,Lazio,20,0.0
serie_a,2025,Lecce,1,0.0
serie_a,2025,Lecce,2,0.0
serie_a,2025,Lecce,3,0.0
serie_a,2025,Lecce,4,0.0
serie_a,2025,Lecce,5,0.0
serie_a,2025,Lecce,6,0.0
serie_a,2025,Lecce,7,0.0
serie_a,2025,Lecce,8,0.0
serie_a,2025,Lecce,9,0.0
serie_a,2025,Lecce,10,0.0
serie_a,2025,Lecce,11,0.0005
serie_a,2025,Lecce,12,0.0033
serie_a,2025,Lecce,13,0.0183
serie_a,2025,Lecce,14,0.0336
serie_a,2025,Lecce,15,0.0697
serie_a,2025,Lecce,16,0.1387
serie_a,2025,Lecce,17,0.4198
serie_a,2025,Lecce,18,0.3101
serie_a,2025,Lecce,19,0.006
serie_a,2025,Lecce,20,0.0
serie_a,2025,Napoli,1,0.0476
serie_a,2025,Napoli,2,0.721
serie_a,2025,Napoli,3,0.2053
serie_a,2025,Napoli,4,0.0215
serie_a,2025,Napoli,5,0.0045
serie_a,2025,Napoli,6,0.0001
serie_a,2025,Napoli,7,0.0
serie_a,2025,Napoli,8,0.0
serie_a,2025,Napoli,9,0.0
serie_a,2025,Napoli,10,0.0
serie_a,2025,Napoli,11,0.0
serie_a,2025,Napoli,12,0.0
serie_a,2025,Napoli,13,0.0
serie_a,2025,Napoli,14,0.0
serie_a,2025,Napoli,15,0.0
serie_a,2025,Napoli,16,0.0
serie_a,2025,Napoli,17,0.0
serie_a,2025,Napoli,18,0.0
serie_a,2025,Napoli,19,0.0
serie_a,2025,Napoli,20,0.0
serie_a,2025,Parma Calcio 1913,1,0.0
serie_a,2025,Parma Calcio 1913,2,0.0
serie_a,2025,Parma Calcio 1913,3,0.0
serie_a,2025,Parma Calcio 1913,4,0.0
serie_a,2025,Parma Calcio 1913,5,0.0
serie_a,2025,Parma Calcio 1913,6,0.0
serie_a,2025,Parma Calcio 1913,7,0.0
serie_a,2025,Parma Calcio 1913,8,0.0001
serie_a,2025,Parma Calcio 1913,9,0.0004
serie_a,2025,Parma Calcio 1913,10,0.0082
serie_a,2025,Parma Calcio 1913,11,0.0272
serie_a,2025,Parma Calcio 1913,12,0.0754
serie_a,2025,Parma Calcio 1913,13,0.1739
serie_a,2025,Parma Calcio 1913,14,0.2695
serie_a,2025,Parma Calcio 1913,15,0.2456
serie_a,2025,Parma Calcio 1913,16,0.1552
serie_a,2025,Parma Calcio 1913,17,0.0394
serie_a,2025,Parma Calcio 1913,18,0.0051
serie_a,2025,Parma Calcio 1913,19,0.0
serie_a,2025,Parma Calcio 1913,20,0.0
serie_a,2025,Pisa,1,0.0
serie_a,2025,Pisa,2,0.0
serie_a,2025,Pisa,3,0.0
serie_a,2025,Pisa,4,0.0
serie_a,2025,Pisa,5,0.0
serie_a,2025,Pisa,6,0.0
serie_a,2025,Pisa,7,0.0
serie_a,2025,Pisa,8,0.0
serie_a,2025,Pisa,9,0.0
serie_a,2025,Pisa,10,0.0
serie_a,2025,Pisa,11,0.0
serie_a,2025,Pisa,12,0.0
serie_a,2025,Pisa,13,0.0
serie_a,2025,Pisa,14,0.0
serie_a,2025,Pisa,15,0.0
serie_a,2025,Pisa,16,0.0
serie_a,2025,Pisa,17,0.0025
serie_a,2025,Pisa,18,0.0193
serie_a,2025,Pisa,19,0.7289
serie_a,2025,Pisa,20,0.2493
serie_a,2025,Roma,1,0.0
serie_a,2025,Roma,2,0.0001
serie_a,2025,Roma,3,0.0055
serie_a,2025,Roma,4,0.0698
serie_a,2025,Roma,5,0.1921
serie_a,2025,Roma,6,0.4025
serie_a,2025,Roma,7,0.327
serie_a,2025,Roma,8,0.003
serie_a,2025,Roma,9,0.0
serie_a,2025,Roma,10,0.0
serie_a,2025,Roma,11,0.0
serie_a,2025,Roma,12,0.0
serie_a,2025,Roma,13,0.0
serie_a,2025,Roma,14,0.0
serie_a,2025,Roma,15,0.0
serie_a,2025,Roma,16,0.0
serie_a,2025,Roma,17,0.0
serie_a,2025,Roma,18,0.0
serie_a,2025,Roma,19,0.0
serie_a,2025,Roma,20,0.0
serie_a,2025,Sassuolo,1,0.0
serie_a,2025,Sassuolo,2,0.0
serie_a,2025,Sassuolo,3,0.0
serie_a,2025,Sassuolo,4,0.0
serie_a,2025,Sassuolo,5,0.0
serie_a,2025,Sassuolo,6,0.0
serie_a,2025,Sassuolo,7,0.0001
serie_a,2025,Sassuolo,8,0.0789
serie_a,2025,Sassuolo,9,0.1824
serie_a,2025,Sassuolo,10,0.3838
serie_a,2025,Sassuolo,11,0.2205
serie_a,2025,Sassuolo,12,0.0916
serie_a,2025,Sassuolo,13,0.0329
serie_a,2025,Sassuolo,14,0.0085
serie_a,2025,Sassuolo,15,0.0013
serie_a,2025,Sassuolo,16,0.0
serie_a,2025,Sassuolo,17,0.0
serie_a,2025,Sassuolo,18,0.0
serie_a,2025,Sassuolo,19,0.0
serie_a,2025,Sassuolo,20,0.0
serie_a,2025,Torino,1,0.0
serie_a,2025,Torino,2,0.0
serie_a,2025,Torino,3,0.0
serie_a,2025,Torino,4,0.0
serie_a,2025,Torino,5,0.0
serie_a,2025,Torino,6,0.0
serie_a,2025,Torino,7,0.0
serie_a,2025,Torino,8,0.0073
serie_a,2025,Torino,9,0.0364
serie_a,2025,Torino,10,0.1306
serie_a,2025,Torino,11,0.2591
serie_a,2025,Torino,12,0.3385
serie_a,2025,Torino,13,0.1474
serie_a,2025,Torino,14,0.059
serie_a,2025,Torino,15,0.0173
serie_a,2025,Torino,16,0.0043
serie_a,2025,Torino,17,0.0001
serie_a,2025,Torino,18,0.0
serie_a,2025,Torino,19,0.0
serie_a,2025,Torino,20,0.0
serie_a,2025,Udinese,1,0.0
serie_a,2025,Udinese,2,0.0
serie_a,2025,Udinese,3,0.0
serie_a,2025,Udinese,4,0.0
serie_a,2025,Udinese,5,0.0
serie_a,2025,Udinese,6,0.0
serie_a,2025,Udinese,7,0.0
serie_a,2025,Udinese,8,0.0213
serie_a,2025,Udinese,9,0.0655
serie_a,2025,Udinese,10,0.171
serie_a,2025,Udinese,11,0.3367
serie_a,2025,Udinese,12,0.267
serie_a,2025,Udinese,13,0.0969
serie_a,2025,Udinese,14,0.0324
serie_a,2025,Udinese,15,0.0078
serie_a,2025,Udinese,16,0.0013
serie_a,2025,Udinese,17,0.0001
serie_a,2025,Udinese,18,0.0
serie_a,2025,Udinese,19,0.0
serie_a,2025,Udinese,20,0.0
serie_a,2025,Verona,1,0.0
serie_a,2025,Verona,2,0.0
serie_a,2025,Verona,3,0.0
serie_a,2025,Verona,4,0.0
serie_a,2025,Verona,5,0.0
serie_a,2025,Verona,6,0.0
serie_a,2025,Verona,7,0.0
serie_a,2025,Verona,8,0.0
serie_a,2025,Verona,9,0.0
serie_a,2025,Verona,10,0.0
serie_a,2025,Verona,11,0.0
serie_a,2025,Verona,12,0.0
serie_a,2025,Verona,13,0.0
serie_a,2025,Verona,14,0.0
serie_a,2025,Verona,15,0.0
serie_a,2025,Verona,16,0.0
serie_a,2025,Verona,17,0.0003
serie_a,2025,Verona,18,0.0013
serie_a,2025,Verona,19,0.2479
serie_a,2025,Verona,20,0.7505
